/*
Navicat MySQL Data Transfer

Source Server         : 1
Source Server Version : 50717
Source Host           : localhost:3306
Source Database       : store

Target Server Type    : MYSQL
Target Server Version : 50717
File Encoding         : 65001

Date: 2019-05-14 10:45:38
*/

SET FOREIGN_KEY_CHECKS=0;

-- ----------------------------
-- Table structure for `function`
-- ----------------------------
DROP TABLE IF EXISTS `function`;
CREATE TABLE `function` (
  `id` int(11) NOT NULL,
  `functionname` varchar(32) DEFAULT NULL,
  `rowid` int(11) DEFAULT NULL,
  PRIMARY KEY (`id`)
) ENGINE=InnoDB DEFAULT CHARSET=utf8;

-- ----------------------------
-- Records of function
-- ----------------------------
INSERT INTO `function` VALUES ('1', '增加用户', '1');
INSERT INTO `function` VALUES ('2', '修改用户', '1');
INSERT INTO `function` VALUES ('3', '删除', '1');
INSERT INTO `function` VALUES ('4', '查询', '1');
INSERT INTO `function` VALUES ('5', '增加商品', '3');
INSERT INTO `function` VALUES ('6', '查询所有商品', '3');
INSERT INTO `function` VALUES ('7', '删除商品', '3');
INSERT INTO `function` VALUES ('8', '修改商品', '3');

-- ----------------------------
-- Table structure for `goods`
-- ----------------------------
DROP TABLE IF EXISTS `goods`;
CREATE TABLE `goods` (
  `number` int(11) NOT NULL AUTO_INCREMENT,
  `goodsname` char(32) DEFAULT NULL,
  `shop` char(32) DEFAULT NULL,
  `price` double(11,0) DEFAULT NULL,
  `shopinfo` varchar(1000) DEFAULT NULL,
  `contentinfo` varchar(1000) DEFAULT NULL,
  `category` char(32) DEFAULT NULL,
  `inventory` int(11) DEFAULT NULL,
  `sales` int(11) DEFAULT '0',
  `date` date DEFAULT NULL,
  `keyword` char(32) DEFAULT NULL,
  `img1` varchar(128) DEFAULT '',
  `img2` varchar(128) DEFAULT 'images\\products\\所有商品\\暂无图片.jpg',
  `img3` varchar(128) DEFAULT 'images\\products\\所有商品\\暂无图片.jpg',
  `delsoft` int(11) DEFAULT '1',
  `userid` int(11) DEFAULT '126',
  `status` int(11) DEFAULT '0',
  PRIMARY KEY (`number`)
) ENGINE=InnoDB AUTO_INCREMENT=68 DEFAULT CHARSET=utf8;

-- ----------------------------
-- Records of goods
-- ----------------------------
INSERT INTO `goods` VALUES ('1', '《百年孤独》', '书店', '35', '本书店位于距学校附近的一个专门卖书的店铺，成都市龙泉驿十陵街3号，店铺已开了5年，保证产品质量，以多品种经营特色和薄利多销的原则，赢得了广大客户的信任，店铺，联系电话为86-0311451252212，期待您的来电咨询', '《百年孤独》是魔幻现实主义文学的代表作，描写了布恩迪亚家族七代人的传奇故事，以及加勒比海沿岸小镇马孔多的百年兴衰，反映了拉丁美洲一个世纪以来风云变幻的历史。作品融入神话传说、民间故事、宗教典故等神秘因素，巧妙地糅合了现实与虚幻，展现出一个瑰丽的想象世界，成为20世纪最重要的经典文学巨著之一。1982年加西亚•马尔克斯获得诺贝尔文学奖，奠定世界级文学大师的地位，很大程度上乃是凭借《百年孤独》的巨大影响。', '书籍类文学', '92', '22', '2018-06-01', '', 'images\\products\\所有商品\\百年孤独.jpg', 'images\\products\\所有商品\\百年孤独2.jpg', 'images\\products\\所有商品\\百年孤独3.jpg', '1', '126', '0');
INSERT INTO `goods` VALUES ('2', '《一个人的朝圣》', '书店', '29', '本书店位于距学校附近的一个专门卖书的店铺，成都市龙泉驿十陵街3号，店铺已开了5年，保证产品质量，以多品种经营特色和薄利多销的原则，赢得了广大客户的信任，店铺，联系电话为86-0311451252212，期待您的来电咨询', '哈罗德·弗莱 (Harold Fry)，六十五岁，在酿酒厂干了四十年销售代表后默默退休，没有升迁，既无朋友，也无敌人，退休时公司甚至连欢送会都没开。他跟隔阂很深的妻子住在英国的乡间，生活平静，夫妻疏离，日复一日。\r\n一天早晨，他收到一封信，来自二十年未见的老友奎妮。她患了癌症，写信告别。震惊、悲痛之下，哈罗德写了回信，在寄出的路上，他由奎妮想到了自己的人生，经过了一个又一个邮筒，越走越远，最后，他从英国最西南一路走到了最东北，横跨整个英格兰。87天，627英里，只凭一个信念：只要他走，老友就会活下去！\r\n这是哈罗德千里跋涉的故事。从他脚步迈开的那一刻起，与他六百多英里旅程并行的，是他穿越时光隧道的另一场旅行。', '书籍类文学', '94', '15', '2018-01-01', '', 'images\\products\\所有商品\\一个人的朝圣.jpg', 'images\\products\\所有商品\\一个人的朝圣2.jpg', 'images\\products\\所有商品\\一个人的朝圣3.jpg', '1', '126', '0');
INSERT INTO `goods` VALUES ('3', '《杀死一只知更鸟》', '书店', '26', '本书店位于距学校附近的一个专门卖书的店铺，成都市龙泉驿十陵街3号，店铺已开了5年，保证产品质量，以多品种经营特色和薄利多销的原则，赢得了广大客户的信任，店铺，联系电话为86-0311451252212，期待您的来电咨询', '成长总是个让人烦恼的命题。成长有时会很缓慢，如小溪般唱着叮咚的歌曲趟过，有时却如此突如其来，如暴雨般劈头盖脸……三个孩子因为小镇上的几桩冤案经历了猝不及防的成长——痛苦与迷惑，悲伤与愤怒，也有温情与感动。这是爱与真知的成长经典。', '书籍类文学', '99', '5', '2018-06-01', '', 'images\\products\\所有商品\\杀死一只知更鸟.jpg', 'images\\products\\所有商品\\杀死一只知更鸟2.jpg', 'images\\products\\所有商品\\杀死一只知更鸟3.jpg', '1', '126', '0');
INSERT INTO `goods` VALUES ('4', '《图勒的小幸福》', '书店', '36', '本书店位于距学校附近的一个专门卖书的店铺，成都市龙泉驿十陵街3号，店铺已开了5年，保证产品质量，以多品种经营特色和薄利多销的原则，赢得了广大客户的信任，店铺，联系电话为86-0311451252212，期待您的来电咨询', '1《风的方向》：图勒和小狗“你好”散步的时候，被大风吹上了天！大风吹呀吹，一直不停。图勒和你好会被吹到哪儿去呢？有时候，只要跟随风的方向，就能到达想去的地方。\r\n2《杧果汤的味道》：图勒种下一粒种子，种子长成了一棵杧果树，树上结了好多杧果！可是树太高了，图勒一个杧果都摘不到……有时候，一切都不用急，等待就是*好的调味剂。\r\n3《捡来的东西》：图勒和“你好”很喜欢出门捡东西，他们把捡到的“宝贝”都堆在房间里。可是，妈妈来帮图勒收拾房间，把所有捡来的东西都扔了……有时候，*奇妙的是寻找的过程，而不是拥有的结果。', '书籍类文学', '99', '10', '2018-06-01', '', 'images\\products\\所有商品\\图勒的小幸福.jpg', 'images\\products\\所有商品\\图勒的小幸福2.jpg', 'images\\products\\所有商品\\图勒的小幸福3.jpg', '1', '126', '0');
INSERT INTO `goods` VALUES ('5', '《送你一颗子弹》', '书店', '22', '本书店位于距学校附近的一个专门卖书的店铺，成都市龙泉驿十陵街3号，店铺已开了5年，保证产品质量，以多品种经营特色和薄利多销的原则，赢得了广大客户的信任，店铺，联系电话为86-0311451252212，期待您的来电咨询', '在这本书新修订的书里，除了被“审视”的东西杂七杂八，有街上的疯老头，有同宿舍的室友，有爱情、电影和书，大到制度，小到老鼠。由于我写这些东西的时候，出发点并不是写一本书，所以不同文章往往风格迥异，长短不一，质量不均，随着社会形势、荷尔蒙周期以及我逃避生活的力度而起伏。同时增加多篇新的内容和篇章，读来令人拍案叫绝！', '书籍类文学', '99', '19', '2018-06-01', '', 'images\\products\\所有商品\\送你一颗子弹.jpg', 'images\\products\\所有商品\\送你一颗子弹2.jpg', 'images\\products\\所有商品\\送你一颗子弹3.jpg', '1', '126', '0');
INSERT INTO `goods` VALUES ('6', '《人性的弱点》', '书店', '11', '本书店位于距学校附近的一个专门卖书的店铺，成都市龙泉驿十陵街3号，店铺已开了5年，保证产品质量，以多品种经营特色和薄利多销的原则，赢得了广大客户的信任，店铺，联系电话为86-0311451252212，期待您的来电咨询', '《人性的弱点》是卡耐基成功学奠基之作，荟萃了卡耐基思想理论*精华的部分。该书创作于20世纪早期，当时美国经济陷入萧条，战争和贫困导致人们失去了对美好生活的向往。本书作为一本实用的人际关系著作，从人性本质的角度，挖掘出潜藏在人们体内的弱点，使人们能够充分认识自己，并不断改造自己，从而能有所长进，直至取得*后的成功。作者讲述的许多普通人通过奋斗获得成功的真实故事，激励了无数陷入迷茫和困境的人，帮助他们重新找到了自己的人生。\r\n　　本书一经上市就风靡全球，几十年间被翻译成全世界几乎所有的主要语言，全球总销量已达1.5亿余册，销量仅次于《圣经》，是全球第二大畅销书，被视为社交心理和沟通技巧的“圣经”。', '书籍类文学', '99', '9', '2018-01-01', '', 'images\\products\\所有商品\\人性的弱点.jpg', 'images\\products\\所有商品\\人性的弱点2.jpg', 'images\\products\\所有商品\\人性的弱点3.jpg', '1', '126', '0');
INSERT INTO `goods` VALUES ('7', '《我有一杯酒可以慰风尘》', '书店', '31', '本书店位于距学校附近的一个专门卖书的店铺，成都市龙泉驿十陵街3号，店铺已开了5年，保证产品质量，以多品种经营特色和薄利多销的原则，赢得了广大客户的信任，店铺，联系电话为86-0311451252212，期待您的来电咨询', '13个值得你一饮而尽的故事，它们孤独热烈，也深沉温柔，同时也有遗憾和美好，这些故事足以慰藉人海中孤独的你。有些人，有些故事，能够遇见就足够庆幸了，毕竟每一个故事，都见证了一段*的岁月。就像大河百川终入海，只要耐心等待，定会在某个时间，遇见对的人。岁月漫长，你心善良，终会有人陪你骑马、喝酒、走四方……', '书籍类文学', '99', '15', '2018-06-01', '', 'images\\products\\所有商品\\我有一杯酒可以慰风尘.jpg', 'images\\products\\所有商品\\我有一杯酒可以慰风尘2.jpg', 'images\\products\\所有商品\\我有一杯酒可以慰风尘3.jpg', '1', '126', '0');
INSERT INTO `goods` VALUES ('8', '《权利之路》', '书店', '68', '本书店位于距学校附近的一个专门卖书的店铺，成都市龙泉驿十陵街3号，店铺已开了5年，保证产品质量，以多品种经营特色和薄利多销的原则，赢得了广大客户的信任，店铺，联系电话为86-0311451252212，期待您的来电咨询', '《林登·约翰逊传》由两次普利策奖及美国国家图书奖得主、赢得赞誉无数的著名作家罗伯特·A.卡洛撰写，其作品已成为美国两百多所高等院校必读书。\r\n\r\n本书详实记录了美国第36任总统林登·约翰逊的一生，是了解20世纪美国政治、历史的必读书。作者研究40余年，耗时10年写成此书，被誉为“大师级的作品，我们这个时代的伟大传记”。', '书籍类文学', '98', '40', '2018-01-02', '', 'images\\products\\所有商品\\权利之路.jpg', 'images\\products\\所有商品\\权利之路2.jpg', 'images\\products\\所有商品\\权利之路3.jpg', '1', '126', '0');
INSERT INTO `goods` VALUES ('9', '《远行》', '书店', '49', '本书店位于距学校附近的一个专门卖书的店铺，成都市龙泉驿十陵街3号，店铺已开了5年，保证产品质量，以多品种经营特色和薄利多销的原则，赢得了广大客户的信任，店铺，联系电话为86-0311451252212，期待您的来电咨询', '《远行……》是一本震撼人心的科普绘本作品。用唯美的插画和趣味的语言为读者真实地展示海洋、天空和陆地上多种动物的迁徙习惯，介绍了它们觅食、交配、产卵和天敌等相关知识，并介绍人类活动对动物产生的种种影响。这是一本会让小朋友觉得好看不枯燥的科普绘本，也是一本会让孩子嘴巴大张的绘本，更是一本让孩子快速了解动物迁徙的绘本。阅读本书，跟随动物的脚步感受探险般的奇妙旅途，让孩子在学习科学知识的同时了解大自然中物种的多样性，培养保护大自然的意识，体会生命的顽强之美。', '书籍类文学', '50', '8', '2018-06-01', '', 'images\\products\\所有商品\\远行：生命不可思议的旅程.jpg', 'images\\products\\所有商品\\远行：生命不可思议的旅程2.jpg', 'images\\products\\所有商品\\远行：生命不可思议的旅程3.jpg', '1', '125', '0');
INSERT INTO `goods` VALUES ('10', '《增长黑客》', '书店', '44', '本书店位于距学校附近的一个专门卖书的店铺，成都市龙泉驿十陵街3号，店铺已开了5年，保证产品质量，以多品种经营特色和薄利多销的原则，赢得了广大客户的信任，店铺，联系电话为86-0311451252212，期待您的来电咨询', '脸谱网如何从默默无闻到坐拥二十几亿用户？爱彼迎、优步何以在短短时间估值超过百亿美元？领英怎样跨步成为全球领先的职业社交平台?这些初创公司实现爆发式成长的共同奥秘就是增长黑客。增长黑客是硅谷当下热门的新商业方法论，其精髓在于通过快节奏测试和迭代，以极低甚至零成本获取并留存用户。', '书籍类童话', '99', '5', '2018-01-01', '', 'images\\products\\所有商品\\增长黑客：如何低成本实现爆发式成长.jpg', 'images\\products\\所有商品\\增长黑客：如何低成本实现爆发式成长2.jpg', 'images\\products\\所有商品\\增长黑客：如何低成本实现爆发式成长3.jpg', '1', '126', '0');
INSERT INTO `goods` VALUES ('11', '《找点乐子》', '书店', '30', '本书店位于距学校附近的一个专门卖书的店铺，成都市龙泉驿十陵街3号，店铺已开了5年，保证产品质量，以多品种经营特色和薄利多销的原则，赢得了广大客户的信任，店铺，联系电话为86-0311451252212，期待您的来电咨询', '《找点乐子》是一部汪曾祺散文精选集，选录了汪曾祺各时期*美誉度的47篇经典散文，分为“难得*是得从容”、“人间烟火，滋味长”、“趣味常有，人生常乐”、“家人闲坐、灯火可亲”四辑，写风俗，谈文化，忆旧闻，述掌故，寄乡情，花鸟鱼虫，瓜果食物，无所不涉，详尽地展现了一代“生活家”汪曾祺的精神世界与生活志趣。', '书籍类童话', '99', '10', '2018-01-01', '最受好评', 'images\\products\\所有商品\\找点乐子.jpg', 'images\\products\\所有商品\\找点乐子2.jpg', 'images\\products\\所有商品\\找点乐子3.jpg', '1', '126', '0');
INSERT INTO `goods` VALUES ('12', '《岛上书店》', '书店', '25', '本书店位于距学校附近的一个专门卖书的店铺，成都市龙泉驿十陵街3号，店铺已开了5年，保证产品质量，以多品种经营特色和薄利多销的原则，赢得了广大客户的信任，店铺，联系电话为86-0311451252212，期待您的来电咨询', '岛上书店是间维多利亚风格的小屋，门廊上挂着褪色的招牌，上面写着：没有谁是一座孤岛，每本书都是一个世界。A．J．费克里，人近中年，在一座与世隔绝的小岛上，经营一家书店。命运从未眷顾过他，爱妻去世，书店危机，就连唯一值钱的宝贝也遭窃。他的人生陷入僵局，他的内心沦为荒岛。就在此时，一个神秘的婴儿出现在书店中，意外地拯救了陷于孤独绝境中的A．J．，成为了连接他和小姨子伊斯梅、警长兰比亚斯、出版社女业务员阿米莉娅之间的纽带，为他的生活带来了转机。小岛上的几个生命紧紧相依，走出了人生的困境，而所有对书和生活的热爱都周而复始，愈加汹涌。', '书籍类童话', '92', '19', '2018-06-01', '', 'images\\products\\所有商品\\岛上书店.jpg', 'images\\products\\所有商品\\岛上书店2.jpg', 'images\\products\\所有商品\\岛上书店3.jpg', '1', '126', '0');
INSERT INTO `goods` VALUES ('13', '《元明清诗歌鉴赏辞典》', '书店', '59', '本书店位于距学校附近的一个专门卖书的店铺，成都市龙泉驿十陵街3号，店铺已开了5年，保证产品质量，以多品种经营特色和薄利多销的原则，赢得了广大客户的信任，店铺，联系电话为86-0311451252212，期待您的来电咨询', '本辞典收录340余位诗人的作品约1200首。这些诗歌上起金元，下止近代。元明清时代，中国封建社会发展到新的阶段，产生了一系列重大的历史性社会变革，不少生活内容、文化思想，给诗人提供了丰富的创作源泉；同时，五、七言，古、近体作为成熟的诗歌体裁，仍然具有强大的生命力，诗人们运用这些体裁去反映自然、社会以及人生真伪、善恶、美丑，佳作累累，美不胜收。', '书籍类童话', '10', '8', '2018-01-01', '', 'images\\products\\所有商品\\元明清诗歌鉴赏辞典.jpg', 'images\\products\\所有商品\\元明清诗歌鉴赏辞典2.jpg', 'images\\products\\所有商品\\元明清诗歌鉴赏辞典3.jpg', '1', '126', '0');
INSERT INTO `goods` VALUES ('14', '《巴黎圣母院》', '书店', '30', '本书店位于距学校附近的一个专门卖书的店铺，成都市龙泉驿十陵街3号，店铺已开了5年，保证产品质量，以多品种经营特色和薄利多销的原则，赢得了广大客户的信任，店铺，联系电话为86-0311451252212，期待您的来电咨询', '吉普赛少女爱斯梅拉达芳龄十六，她身姿妙曼，起舞时像一只飞旋的彩蝶，吸引了无数人的目光。\r\n\r\n巴黎圣母院副主教也为之迷恋，想将她占为己有，指使忠诚的敲钟人卡西莫多劫走她，可是被国王卫队长浮比斯出手相救。卡西莫多被鞭打示众，副主教却不予理睬，是善良的少女给了卡西莫多帮助。\r\n\r\n    副主教又设法嫁祸少女，声称只要她肯爱他就能免死。少女坚决不从，副教主恼怒之下宣布叛她绞刑。少女钟情于卫队长浮比斯，他已知真相却没有为她直言；卡西莫多把少女救出来，给予无微不至的爱护。\r\n\r\n副主教屡次不得手，心生恨意，他发现少女的藏身之处，就把她交给官兵，亲眼看着她被绞死。绝望而愤怒的卡西莫多再也无法忍受，将副主教从圣母院顶楼推下，自己则找到爱斯梅拉达的尸体，殉情而终。', '书籍类童话', '93', '86', '2018-01-01', '', 'images\\products\\所有商品\\巴黎圣母院.jpg', 'images\\products\\所有商品\\巴黎圣母院2.jpg', 'images\\products\\所有商品\\巴黎圣母院3.jpg', '1', '126', '0');
INSERT INTO `goods` VALUES ('15', '《The Little Prince》', '书店', '20', '本书店位于距学校附近的一个专门卖书的店铺，成都市龙泉驿十陵街3号，店铺已开了5年，保证产品质量，以多品种经营特色和薄利多销的原则，赢得了广大客户的信任，店铺，联系电话为86-0311451252212，期待您的来电咨询', '《小王子》以一位飞行员的口吻，讲述了自己从小不被人理解，直到六年前因为飞机故障迫降在撒哈拉沙漠后遇到古怪奇特而又天真纯洁的小王子。\r\n    小王子来自于一个非常小的星球。由于和他美丽又骄傲的玫瑰花闹了别扭，他离开了他的星球开始独自旅行。\r\n    他先后拜访了其他六个星球，分别遇到了傲慢的国王、爱慕虚荣的人、酒鬼、商人、尽忠职守的点灯人和死守教条的地理学家，对一切充满了困惑，并觉得大人们实在是太奇怪了。*后，他来到了地球，遇到了蛇、狐狸和飞行员，同他们建立了友谊，渐渐明白了什么是爱、责任和生命，得到了人生的真谛。于是，他决定回到自己的星球……', '书籍类童话', '7', '10', '2018-01-01', '即将售罄', 'images\\products\\所有商品\\The Little Prince.jpg', 'images\\products\\所有商品\\The Little Prince2.jpg', 'images\\products\\所有商品\\The Little Prince3.jpg', '1', '126', '0');
INSERT INTO `goods` VALUES ('16', '《红楼梦》', '书店', '2000', '本书店位于距学校附近的一个专门卖书的店铺，成都市龙泉驿十陵街3号，店铺已开了5年，保证产品质量，以多品种经营特色和薄利多销的原则，赢得了广大客户的信任，店铺，联系电话为86-0311451252212，期待您的来电咨询', '《红楼梦》，中国古代古代四大名著之一，也是中国古代小说的巅峰之作。全书以荣国府的日常生活为中心，以宝玉、黛玉、宝钗的爱情婚姻悲剧及大观园中点滴琐事为主线，以金陵贵族名门贾、史、王、薛四大家族由鼎盛走向衰亡的历史为暗线，展现了封建时代家族和社会的没落。 另外为便于读者阅读，本书选配了名家戴敦邦所绘彩色插图21幅附于书中，同时编制了“《红楼梦》四大家族主要人物关系表”“《红楼梦》主仆关系表”附于书中，以便读者阅读时参考。', '书籍类童话', '80', '1', '2017-01-01', '', 'images\\products\\所有商品\\红楼梦.jpg', 'images\\products\\所有商品\\红楼梦2.jpg', 'images\\products\\所有商品\\红楼梦3.jpg', '1', '126', '0');
INSERT INTO `goods` VALUES ('17', '《边城》', '书店', '22', '本书店位于距学校附近的一个专门卖书的店铺，成都市龙泉驿十陵街3号，店铺已开了5年，保证产品质量，以多品种经营特色和薄利多销的原则，赢得了广大客户的信任，店铺，联系电话为86-0311451252212，期待您的来电咨询', '该作品为沈从文小说的代表作，是我国文学史上一部优秀的抒发乡土情怀的小说。它以20世纪30年代川湘交界的边城小镇茶峒为背景，以兼具抒情诗和小品文的优美笔触，描绘了湘西边地特有的风土人情；借船家少女翠翠的爱情悲剧，凸显出了人性的善良美好与心灵的澄澈纯净。它以独特的艺术魅力，生动的乡土风情吸引了众多海内外的读者，也奠定了《边城》在中国现代文学史上的特殊地位。', '书籍类童话', '20', '2', '2017-01-01', '', 'images\\products\\所有商品\\边城.jpg', 'images\\products\\所有商品\\边城2.jpg', 'images\\products\\所有商品\\边城3.jpg', '1', '126', '0');
INSERT INTO `goods` VALUES ('18', '《敏感小孩安东尼》', '书店', '73', '本书店位于距学校附近的一个专门卖书的店铺，成都市龙泉驿十陵街3号，店铺已开了5年，保证产品质量，以多品种经营特色和薄利多销的原则，赢得了广大客户的信任，店铺，联系电话为86-0311451252212，期待您的来电咨询', '▼《*沉重的包袱》——克服焦虑▼，安东尼是一个小男孩，通常，他都是世界上*快乐的小男孩。他很喜欢做运动，喜欢把球高高地抛到空中，仿佛球不会再掉下来一样。他也喜欢一头扎进湖里，潜得越深越好，把鱼都吓得不再游动。', '书籍类童话', '20', '2', '2017-01-01', '', 'images\\products\\所有商品\\敏感小孩安东尼.jpg', 'images\\products\\所有商品\\敏感小孩安东尼2.jpg', 'images\\products\\所有商品\\敏感小孩安东尼3.jpg', '1', '126', '0');
INSERT INTO `goods` VALUES ('19', '《有故事的汉字》', '书店', '205', '本书店位于距学校附近的一个专门卖书的店铺，成都市龙泉驿十陵街3号，店铺已开了5年，保证产品质量，以多品种经营特色和薄利多销的原则，赢得了广大客户的信任，店铺，联系电话为86-0311451252212，期待您的来电咨询', '《有故事的汉字》系列共4辑12册，精选了小学阶段孩子应知应会的800余个核心汉字，并拓展出600余个常用汉字、500余条成语。这套书以轻松有趣的笔调讲述每个字的造字本义和演变过程，使枯燥、抽象的汉字变得生动、形象，并让孩子透过汉字了解其背后丰富的文化内涵。', '书籍类童话', '20', '2', '2017-01-01', '', 'images\\products\\所有商品\\有故事的汉字.jpg', 'images\\products\\所有商品\\有故事的汉字2.jpg', 'images\\products\\所有商品\\有故事的汉字3.jpg', '1', '126', '0');
INSERT INTO `goods` VALUES ('20', '《我要做自己系列图画书》', '书店', '117', '本书店位于距学校附近的一个专门卖书的店铺，成都市龙泉驿十陵街3号，店铺已开了5年，保证产品质量，以多品种经营特色和薄利多销的原则，赢得了广大客户的信任，店铺，联系电话为86-0311451252212，期待您的来电咨询', '《奔奔和夜晚的妖怪》，晚上的时候，姐姐西西对我说：“奔奔，今天晚上，会有妖怪到你的床上来哦！”妖怪？真的妖怪？有着尖尖的牙齿的真的妖怪？快点，我要赶紧找到赶走妖怪的方法。 这是一个可以帮助小朋友们赶走黑夜中的妖怪的有趣好玩的故事。只要我们勇敢面对，就没有什么可害怕的。 《吃吧！我的小天使》“吃饭啦！”“喝点汤！”“呃，我不喜欢喝汤！”当我们的晚餐时间变成了有趣的游戏和谈话的时间……这是一个帮助小朋友养成不挑食好习惯的故事。 《快点，快点！》\r\n', '书籍类童话', '20', '2', '2017-01-01', '', 'images\\products\\所有商品\\我要做自己系列图画书.jpg', 'images\\products\\所有商品\\我要做自己系列图画书2.jpg', 'images\\products\\所有商品\\我要做自己系列图画书3.jpg', '1', '126', '0');
INSERT INTO `goods` VALUES ('21', '《飞花令里读诗词》', '书店', '49', '本书店位于距学校附近的一个专门卖书的店铺，成都市龙泉驿十陵街3号，店铺已开了5年，保证产品质量，以多品种经营特色和薄利多销的原则，赢得了广大客户的信任，店铺，联系电话为86-0311451252212，期待您的来电咨询', '2017年2月，由中央电视台倾力打造的大型文化类演播室益智竞赛节目——《中国诗词大会》受到了社会各界的广泛关注，这档以“赏中华诗词、寻文化基因、品生活之美”为主旨的节目在引爆收视狂潮的同时更唤醒了普罗大众对于古典诗词的记忆与热爱，而其中令人眼前一亮的“飞花令”环节更是给观众留下了深刻的印象。飞花令源自古人的诗词之趣，诗词之美，美在情感之真纯，亦美在表达之深刻。无论时代如何更迭，流传千古的经典诗词依然是中国传统文化中*为灿烂的一抹亮色，以其真实的表达与动人的遐思，在历史的长河中缤纷闪耀，熠熠生辉，影响着一代又一代的中国人。故此，我们策划编辑了《图说天下?文化中国：飞花令里读诗词》这套丛书,本套丛书共分为《飞花令里读诗词?春江花月夜》《飞花令里读诗词?夏初芳草深》《飞花令里读诗词?秋风红叶散》《飞花令里读诗词?冬来雪倾城》四册，每册均以诗词作为载体，从诗歌的缘起——《诗经》《楚辞》，到唐宋诗词，明清佳句，精心遴选了150余位诗人的近500首经典古诗词，依循古代飞花令的行令规则以及现代人的阅读习惯，选取诗词中经常出现的春、夏、秋、冬、风、霜、雨、雪、花、云、月、夜等几十个常见字进行编排，每一首诗词后均配有相应的注释与优美的文字赏析，并辅以精心设计的花絮版块和插图，带领读者在诗香词海之间开启一场唯美动人的诗词文化之旅。', '书籍类童话', '20', '2', '2017-01-01', '', 'images\\products\\所有商品\\飞花令里读诗词.jpg', 'images\\products\\所有商品\\飞花令里读诗词2.jpg', 'images\\products\\所有商品\\飞花令里读诗词3.jpg', '1', '126', '0');
INSERT INTO `goods` VALUES ('22', '《三毛：选择一种姿态，活成无可取代》', '书店', '29', '本书店位于距学校附近的一个专门卖书的店铺，成都市龙泉驿十陵街3号，店铺已开了5年，保证产品质量，以多品种经营特色和薄利多销的原则，赢得了广大客户的信任，店铺，联系电话为86-0311451252212，期待您的来电咨询', '书稿分“云在青天月在明”和“此情不关风与月”两部分，讲述三毛被守护和独立的两段人生。作者没有将三毛当作一个传奇的女性，她像大部分人一样，想要看不同的风景、爱刚刚好的那个人，是人生选择和生活态度成就了她的传奇和无可取代。读万卷书，行万里路，读三毛的作品，不如直接读她的一生。', '书籍类童话', '99', '1', '2017-01-01', '', 'images\\products\\所有商品\\三毛：选择一种姿态，活成无可取代.jpg', 'images\\products\\所有商品\\三毛：选择一种姿态，活成无可取代2.jpg', 'images\\products\\所有商品\\三毛：选择一种姿态，活成无可取代3.jpg', '1', '126', '0');
INSERT INTO `goods` VALUES ('23', '《我怀疑人们在密谋让我幸福》', '书店', '29', '本书店位于距学校附近的一个专门卖书的店铺，成都市龙泉驿十陵街3号，店铺已开了5年，保证产品质量，以多品种经营特色和薄利多销的原则，赢得了广大客户的信任，店铺，联系电话为86-0311451252212，期待您的来电咨询', '你开怀大笑，你掩面哭泣，仿佛生活是真的一样。\r\n我怀疑人们在密谋让我幸福》是张佳玮的全新图文小说集，30个奇趣故事，展开妙想世界。在这本书里，你会邂逅狡猾的蜗牛夫妇、话唠的咖啡杯、飞檐走壁的胖子、浪漫的骑士……关于那些四处散落着的，日遁夜归的幻想和未曾谋面的幸福。\r\n故事发生在想象之外，真相略大于整个宇宙。\r\n你开怀大笑，你掩面哭泣，仿佛生活是真的一样。\r\n我怀疑人们在密谋让我幸福》是张佳玮的全新图文小说集，30个奇趣故事，展开妙想世界。在这本书里，你会邂逅狡猾的蜗牛夫妇、话唠的咖啡杯、飞檐走壁的胖子、浪漫的骑士……关于那些四处散落着的，日遁夜归的幻想和未曾谋面的幸福。\r\n故事发生在想象之外，真相略大于整个宇宙。\r\n', '书籍类小说', '94', '38', '2018-06-01', '', 'images\\products\\所有商品\\我怀疑人们在密谋让我幸福.jpg', 'images\\products\\所有商品\\我怀疑人们在密谋让我幸福2.jpg', 'images\\products\\所有商品\\我怀疑人们在密谋让我幸福3.jpg', '1', '126', '0');
INSERT INTO `goods` VALUES ('24', '《不惧离散，只怕动情：萧红传》', '书店', '32', '本书店位于距学校附近的一个专门卖书的店铺，成都市龙泉驿十陵街3号，店铺已开了5年，保证产品质量，以多品种经营特色和薄利多销的原则，赢得了广大客户的信任，店铺，联系电话为86-0311451252212，期待您的来电咨询', ' 萧红，被誉为民国四大才女之一。19岁反抗包办婚姻离家出走，23岁和鲁迅先生成为挚友，29岁完成文学著作《呼兰河传》。世人多聚焦于她的感情生活，却少有人珍视她在文学中的造诣。鲁迅赞她是“中国最有前途的女作家”，无奈她身处哀鸿遍野的民国，一生动荡，一生流离。所幸她从未中断写作，一包烟、一支笔、一沓稿纸，便是她*要紧的生活。战争不能阻碍她，贫病不能阻碍她，甚至死亡也不能。黑暗的是死亡，和那无休无止的战事。光明的是萧红，和她铿锵有力的文字。', '书籍类小说', '20', '2', '2017-01-01', '', 'images\\products\\所有商品\\不惧离散，只怕动情：萧红传.jpg', 'images\\products\\所有商品\\不惧离散，只怕动情：萧红传2.jpg', 'images\\products\\所有商品\\不惧离散，只怕动情：萧红传3.jpg', '1', '126', '0');
INSERT INTO `goods` VALUES ('25', '《我要快乐，不必正常》', '书店', '41', '本书店位于距学校附近的一个专门卖书的店铺，成都市龙泉驿十陵街3号，店铺已开了5年，保证产品质量，以多品种经营特色和薄利多销的原则，赢得了广大客户的信任，店铺，联系电话为86-0311451252212，期待您的来电咨询', '《我要快乐，不必正常》内容简介：我在家里住了16年，父亲不在工厂轮班，就在教堂。母亲整夜醒着，终日抑郁。我上学，去教堂，跑进山间，秘密地读书。我自幼便学会隐蔽。藏匿我的心。掩饰我的想法。我母亲不热爱生活。她不信有任何事会使生活变得更好。她曾对我说，宇宙是一个浩瀚的垃圾桶。我想了一会儿之后，问她桶盖是关着还是开着。\r\n“关着的，”她说，“没人逃得了。”我就是没法活在一个合上盖子的浩瀚的垃圾桶里。', '书籍类小说', '20', '2', '2017-01-01', '', 'images\\products\\所有商品\\我要快乐，不必正常.jpg', 'images\\products\\所有商品\\我要快乐，不必正常2.jpg', 'images\\products\\所有商品\\我要快乐，不必正常3.jpg', '1', '126', '0');
INSERT INTO `goods` VALUES ('26', '《学会提问》', '书店', '26', '本书店位于距学校附近的一个专门卖书的店铺，成都市龙泉驿十陵街3号，店铺已开了5年，保证产品质量，以多品种经营特色和薄利多销的原则，赢得了广大客户的信任，店铺，联系电话为86-0311451252212，期待您的来电咨询', '如果在你的家乡投资建一座核电厂，你会支持还是反对？,如果学校出于安全考虑要对每一个学生进行安全检查，你会高兴还是愤怒？如果你的兄弟姐妹做了父母明令禁止的事，你会告诉父母还是隐瞒不说？无数专家都说股市要跌、房价要涨，或者激烈地唱着反调，你相信谁？质疑谁？结论是*的吗？所有这些问题背后，你自己的观点是什么？你的理由是什么？有确凿的证据来证实吗？在一个被泛滥信息包围的时代，每时每刻都会遇到各种问题，大到涉及世界经济发展趋势，小到个人生活的决策。面对别人兜售的观点——他们热衷于让你相信这是“事实”，你明明觉得有什么不对劲，可一时又很难找到突破口反驳，你是不加思索懒惰地全盘接收信息？还是提出关键问题，让众说纷纭的争论立见分晓，让道貌岸然的说谎者原形毕露吗？面对立场和你完全相左的意见，你是只愿听价值观取向和自己相似的观点，党同而伐异？还是能够控制感情冲动，做出理性的判断？', '书籍类小说', '20', '2', '2017-01-01', '', 'images\\products\\所有商品\\学会提问.jpg', 'images\\products\\所有商品\\学会提问2.jpg', 'images\\products\\所有商品\\学会提问3.jpg', '1', '126', '0');
INSERT INTO `goods` VALUES ('27', '《西方哲学史(上下册)》', '书店', '67', '本书店位于距学校附近的一个专门卖书的店铺，成都市龙泉驿十陵街3号，店铺已开了5年，保证产品质量，以多品种经营特色和薄利多销的原则，赢得了广大客户的信任，店铺，联系电话为86-0311451252212，期待您的来电咨询', '本教材以古代哲学、中古哲学和近代哲学三编为结构框架，详细描述西方哲学从公元前6世纪至公元20世纪产生、形成、演变、发展的历史。本教材以哲学问题为线索，以\"哲学是哲学史\"、\"哲学是问题史\"为指导思想，意在通过哲学家们对于哲学问题的不同解答方式及其对后世的影响，引导学生通过了解哲学家们的理论学说而进入哲学运思之路。本教材的对象是大学哲学院系哲学专业本科生，亦可作为非哲学专业的学生和广大哲学爱好者学习西方哲学史的参考书。', '书籍类小说', '20', '5', '2017-01-01', '', 'images\\products\\所有商品\\西方哲学史.jpg', 'images\\products\\所有商品\\西方哲学史2.jpg', 'images\\products\\所有商品\\西方哲学史3.jpg', '1', '126', '0');
INSERT INTO `goods` VALUES ('28', '《一行禅师大合集》', '书店', '49', '本书店位于距学校附近的一个专门卖书的店铺，成都市龙泉驿十陵街3号，店铺已开了5年，保证产品质量，以多品种经营特色和薄利多销的原则，赢得了广大客户的信任，店铺，联系电话为86-0311451252212，期待您的来电咨询', '《佛陀传》娓娓道来的佛陀生平故事，融汇着佛法的精深奥妙；无论你有没有佛学根基，阅读《佛陀传》，都是一次充满喜乐和感动，受益匪浅的修行。《和繁重的工作一起修行》在《和繁重的工作一起修行:平和喜乐地成就事业》中，一行禅师将指引你在工作的重压下磨炼自己的心性，提高自己的人格，使自己的工作、业在平和喜乐中获得成功。翻开《和繁重的工作一起修行:平和喜乐地成就事业》，跟随一行禅师的脚步，和繁重的工作一起修行，平和喜乐地成就事业。《与自己和解：治愈你内心的内在小孩》，在《与自己和解》中，一行禅师运用佛教原理帮助你，返回内在深处，觉察内在小孩的存在，与他对话，聆听他的声音，从而达成与自己和解的目的。如此，我们不再受情绪的摆布，心中没有怨恨，也不再迁怒他人。我们的人际关系也开始变好，我们因此懂得了爱，保有了爱。翻开《与自己和解》，跟随一行禅师的脚步，一步步回到自己内在深处，拥抱、疗愈内在的小孩，与自己达成真正的和解。', '书籍类小说', '20', '2', '2017-01-01', '', 'images\\products\\所有商品\\一行禅师大合集.jpg', 'images\\products\\所有商品\\一行禅师大合集2.jpg', 'images\\products\\所有商品\\一行禅师大合集3.jpg', '1', '126', '0');
INSERT INTO `goods` VALUES ('29', '《流量池》', '书店', '53', '本书店位于距学校附近的一个专门卖书的店铺，成都市龙泉驿十陵街3号，店铺已开了5年，保证产品质量，以多品种经营特色和薄利多销的原则，赢得了广大客户的信任，店铺，联系电话为86-0311451252212，期待您的来电咨询', '移动互联网时代，信息日益冗余，新闻速朽；整体流量增长速度放缓，而竞争者数量高速增加；流量呈现变少、变贵、欺诈频繁的现状；品效合一的营销策略成为共识，而实现路径成为痛点；多次开创各营销渠道效果之*的营销人、各种刷屏级营销事件操盘手、神州优车CMO杨飞，这一次倾囊相授，诚恳讲述如何实现流量获取、营销转化以及流量的运营和再挖掘。', '书籍类小说', '20', '52', '2017-01-01', '', 'images\\products\\所有商品\\流量池.jpg', 'images\\products\\所有商品\\流量池2.jpg', 'images\\products\\所有商品\\流量池3.jpg', '1', '126', '0');
INSERT INTO `goods` VALUES ('30', '《A Song of Ice and Fire 5?》', '书店', '148', '本书店位于距学校附近的一个专门卖书的店铺，成都市龙泉驿十陵街3号，店铺已开了5年，保证产品质量，以多品种经营特色和薄利多销的原则，赢得了广大客户的信任，店铺，联系电话为86-0311451252212，期待您的来电咨询', 'Winter is coming. Such is the stern motto of House Stark, the northernmost of the fiefdoms that owe allegiance to King Robert Baratheon in far-off King’s Landing. There Eddard Stark of Winterfell rules in Robert’s name. There his family dwells in peace and comfort: his proud wife, Catelyn; his sons Robb, Brandon, and Rickon; his daughters Sansa and Arya; and his bastard son, Jon Snow. Far to the north, behind the towering Wall, lie savage Wildings and worse—unnatural things relegated to myth during the centuries-long summer, but proving all too real and all too deadly in the turning of the season.', '书籍类小说', '20', '2', '2017-01-01', '', 'images\\products\\所有商品\\A Song of Ice and Fire 5.jpg', 'images\\products\\所有商品\\A Song of Ice and Fire 52.jpg', 'images\\products\\所有商品\\A Song of Ice and Fire 53.jpg', '1', '126', '0');
INSERT INTO `goods` VALUES ('31', '《追风筝的人》', '书店', '25', '本书店位于距学校附近的一个专门卖书的店铺，成都市龙泉驿十陵街3号，店铺已开了5年，保证产品质量，以多品种经营特色和薄利多销的原则，赢得了广大客户的信任，店铺，联系电话为86-0311451252212，期待您的来电咨询', '故事发生在阿富汗，从童年开始讲起，男二的父亲是男一家的管家仆人，因此男一是男二的小主人，男二对男一忠心耿耿，并且他们是很好的朋友。在一次放风筝比赛时，他们两人得了冠军，男二为小主人逐回落下的风筝，但是却遭到其他较大的孩子的维度，为了保护小主人（男一）的风筝，男二被他们强奸。这些都被男一看到眼中，但是他没有勇气出面就男二。男一的心理发生了变化，不在跟男二要好，后来还想办法诬陷男二偷了自己的手表。虽然男一的父亲原谅了男二，但是男二的父亲（管家）还是带着男二离开了。随后，俄罗斯侵略阿富汗，男一的父亲带着男一逃到了美国，并将家里的房子托付一个朋友看护。\r\n然后，男二在美国长大结婚。后来接到帮他们看护房子的父亲的朋友的电话，那人叫他一定会去阿富汗，有事情。从这人口中，他得知他儿时的伙伴为看护自己的房子被杀，还留下一个孩子被卖到。并且事实上，那个从前的管家其实是不能生育的，管家的儿子其实是自己的父亲和管家老婆所生，即儿时的伙伴其实是自己的兄弟，而那个被卖的孩子是自己的侄子。于是他历尽艰辛，救出了侄子，并将他带会美国的家。\r\n', '书籍类小说', '98', '4', '2018-06-01', '今日热销', 'images\\products\\所有商品\\追风筝的人.jpg', 'images\\products\\所有商品\\追风筝的人2.jpg', 'images\\products\\所有商品\\追风筝的人3.jpg', '1', '126', '0');
INSERT INTO `goods` VALUES ('32', '《白夜行》', '书店', '25', '本书店位于距学校附近的一个专门卖书的店铺，成都市龙泉驿十陵街3号，店铺已开了5年，保证产品质量，以多品种经营特色和薄利多销的原则，赢得了广大客户的信任，店铺，联系电话为86-0311451252212，期待您的来电咨询', '由于母亲与自己家当铺雇的人在家里偷情，桐原亮司跑到废弃大楼的通风道里玩耍，却看到了父亲对自己的好友雪穗实施侵害的不堪一幕，扭曲的惊惧与愤怒使得11岁的他用长剪刀刺死了自己的父亲，之后西本雪穗的母亲及“母亲的情人”也“意外死亡”，随后她被优雅独居的唐泽礼子收养。没有了完整家庭的少男和少女，在惨剧发生后度过了平静的七年，然而，桐原亮司发现当年的案子还是有人在查，而且，已经开始怀疑到自己和唐泽雪穗身上了。没有家庭温暖的二人，为了不让自己的罪行被发现，用尽各种手段把自己身边的亲人、朋友一一除掉。\r\n这一切的起因竟是少女的母亲由于家庭窘迫，为了钱硬逼着自己的女儿出卖肉体，幼年不幸的经历让雪穗的心灵从此失去了阳光，而亮司基于各种复杂的情愫一直暗中帮助雪穗报复迫害她的人，同时也帮她一步步铲除一切妨碍她成功障碍。 [3] \r\n最终桐原亮司为了让警察不追查到雪穗，用剪刀自尽，而雪穗面对桐原亮司的尸体，一次也没有回头。\r\n', '书籍类小说', '71', '3', '2018-06-01', '特色商品', 'images\\products\\所有商品\\白夜行.jpg', 'images\\products\\所有商品\\白夜行2.jpg', 'images\\products\\所有商品\\白夜行3.jpg', '1', '126', '0');
INSERT INTO `goods` VALUES ('33', '《红拂夜奔》', '书店', '26', '本书店位于距学校附近的一个专门卖书的店铺，成都市龙泉驿十陵街3号，店铺已开了5年，保证产品质量，以多品种经营特色和薄利多销的原则，赢得了广大客户的信任，店铺，联系电话为86-0311451252212，期待您的来电咨询', '该小说有两个时空的故事，第一个是现实故事，讲述数学家王二的故事；第二个是古代故事，讲述了李靖、红拂、虬髯公的故事。现实故事中，王二在北京一所大学教数学，成天想入非非。他最大的理想就是证得费尔马定理，虽然这件事本身很无趣，但是最有价值，因为这样会让领导喜欢。王二证出费尔马定理以后，他果然成了领导上的“人瑞”。当了“人瑞”的王二成了体制之内的人，再也不敢想入非非，他自己也成为无趣之人。\r\n古代故事中，李靖是个伟大的数学家、哲学家、军事家，是个知识分子。他的故事可分为两部分，洛阳城里的李靖和长安城里的李靖。洛阳城里的李靖是个体制外的知识分子，是世界上最聪明的人，过着有趣的生活，红拂被他的有趣所吸引，和他一起私奔；后来李靖建造长安城，不知不觉向体制靠拢，成为体制内的知识分子。李靖由此从一个一文不名的知识分子摇身一变成了声势显赫的大唐卫公，也因此失去了有趣的生活，装傻充愣，成了一个垂垂老矣的无趣之人。\r\n', '书籍类小说', '97', '7', '2018-06-01', '', 'images\\products\\所有商品\\红拂夜奔.jpg', 'images\\products\\所有商品\\红拂夜奔2.jpg', 'images\\products\\所有商品\\红拂夜奔3.jpg', '1', '126', '0');
INSERT INTO `goods` VALUES ('34', '《教父三部曲》', '书店', '128', '本书店位于距学校附近的一个专门卖书的店铺，成都市龙泉驿十陵街3号，店铺已开了5年，保证产品质量，以多品种经营特色和薄利多销的原则，赢得了广大客户的信任，店铺，联系电话为86-0311451252212，期待您的来电咨询', '《教父》内容简介：“为了正义，我们必须去求唐·柯里昂。”向唐•柯里昂求助的人，希望从不会落空。他说一不二，不许空头支票，他是黑手党的教父，他主宰着纽约的地下世界，他是弱者的守护神。你只需要拿出真诚的友谊，就能够得到他的庇护。唐的家族拒绝染指毒品生意，遭到其他黑手党报复。唐•柯里昂受到重创，但是苦难使他和儿子们的关系更加亲密，让家族变得更加强大。小儿子迈克尔•柯里昂在危机时刻谨记父亲的教诲。他选择了家族、荣誉和责任，他为兄弟复仇、为家族清理门户，成为家族的继承者，成为新的教父。', '书籍类小说', '99', '55', '2018-01-01', '', 'images\\products\\所有商品\\教父1.jpg', 'images\\products\\所有商品\\教父2.jpg', 'images\\products\\所有商品\\教父3.jpg', '1', '126', '0');
INSERT INTO `goods` VALUES ('35', '《瓦尔登湖》', '书店', '23', '本书店位于距学校附近的一个专门卖书的店铺，成都市龙泉驿十陵街3号，店铺已开了5年，保证产品质量，以多品种经营特色和薄利多销的原则，赢得了广大客户的信任，店铺，联系电话为86-0311451252212，期待您的来电咨询', '《瓦尔登湖》共由18篇散文组成，在四季循环更替的过程中，详细记录了梭罗内心的渴望、冲突、失望和自我调整，以及调整过后再次渴望的复杂的心路历程，几经循环，直到最终实现为止。表明了作者用它来挑战他个人的、甚至是整个人类的界限。但这种挑战不是对实现自我价值的无限希望，而是伤后复原的无限力量。', '书籍类小说', '99', '10', '2018-01-01', '', 'images\\products\\所有商品\\瓦尔登湖.jpg', 'images\\products\\所有商品\\瓦尔登湖2.jpg', 'images\\products\\所有商品\\瓦尔登湖3.jpg', '1', '126', '0');
INSERT INTO `goods` VALUES ('36', '《围城》', '书店', '36', '本书店位于距学校附近的一个专门卖书的店铺，成都市龙泉驿十陵街3号，店铺已开了5年，保证产品质量，以多品种经营特色和薄利多销的原则，赢得了广大客户的信任，店铺，联系电话为86-0311451252212，期待您的来电咨询', '围城故事发生于1920到1940年代。主角方鸿渐是个从中国南方乡绅家庭走出的青年人，迫于家庭压力与同乡周家女子订亲。但在其上大学期间，周氏患病早亡。准岳父周先生被方所写的唁电感动，资助他出国求学。\r\n方鸿渐在欧洲游学期间，不理学业。为了给家人一个交待，方于毕业前购买了虚构的“克莱登大学”的博士学位证书，并随海外学成的学生回国。在船上与留学生鲍小姐相识并热恋，但被鲍小姐欺骗感情。同时也遇见了大学同学苏文纨。\r\n到达上海后，在已故未婚妻父亲周先生开办的银行任职。此时，方获得了同学苏文纨的青睐，又与苏的表妹唐晓芙一见钟情，整日周旋于苏、唐二人之间，期间并结识了追求苏文纨的赵辛楣。方最终与苏、唐二人感情终结，苏嫁与诗人曹元朗，而赵也明白方并非其情敌，从此与方惺惺相惜。方鸿渐逐渐与周家不和。\r\n抗战开始，方家逃难至上海的租界。在赵辛楣的引荐下，与赵辛楣、孙柔嘉、顾尔谦、李梅亭几人同赴位于内地的三闾大学任教。由于方鸿渐性格等方面的弱点，陷入了复杂的人际纠纷当中。后与孙柔嘉订婚，并离开三闾大学回到上海。在赵辛楣的帮助下，方鸿渐在一家报馆任职，与孙柔嘉结婚。\r\n婚后，方鸿渐夫妇与方家、孙柔嘉姑母家的矛盾暴露并激化。方鸿渐辞职并与孙柔嘉吵翻，逐渐失去了生活的希望。', '书籍类小说', '99', '30', '2018-01-01', '', 'images\\products\\所有商品\\围城.jpg', 'images\\products\\所有商品\\围城2.jpg', 'images\\products\\所有商品\\围城3.jpg', '1', '126', '0');
INSERT INTO `goods` VALUES ('45', '面膜', '美妆店', '100', '本美妆店位于距学校附近的一个专门化妆品和保养品的店铺，成都市龙泉驿十陵街4号，店铺已开了1年，联系电话为86-0312351252212，期待您的来电咨询', '补水保湿，就是使细胞水分充足，皮肤充盈有弹性', '美妆类护肤品', '120', '0', '2019-04-28', null, 'images\\products\\所有商品\\面膜1.jpg', 'images\\products\\所有商品\\面膜2.jpg', 'images\\products\\所有商品\\面膜3.jpg', '1', '126', '0');
INSERT INTO `goods` VALUES ('46', 'SK神仙水', '美妆店', '200', '本美妆店位于距学校附近的一个专门化妆品和保养品的店铺，成都市龙泉驿十陵街4号，店铺已开了1年，联系电话为86-0312351252212，期待您的来电咨询', 'SK-II神仙水含92.7%天然活肤酵母精华  Pitera，不含酒精、香料、色素，有淡淡天然酵母酸味，可促进肌肤新陈代谢正常化，具有调整肌肤酸碱值平衡以及修护的效果，供给肌肤养分，让肌肤充满弹性，改善肌肤粗糙现象，让肌肤更健康。令肌肤表层柔滑清新，改善表层干燥、粗糙、脱皮、细纹、缺水现象。令肌夫富弹性滋润，改善肌肤松弛、老化、缺水、紧绷和皱纹现象。令毛孔细小洁净，改善黑毛孔、明显毛孔、黑头、粉刺、暗疮、痘疤.令肤斑美白均匀，改善雀斑、黑斑、肤色呈暗沉、偏黄、泛红。改善表皮问题，令肤质细润。改善毛孔问题，使毛孔回复细致。改善弹性问题，使肌肤滋润、有弹性。改善肤色问题，调整肤色，使肌肤透晰、无暇。', '美妆类化妆品', '120', '30', '2019-04-28', '最受好评', 'images\\products\\所有商品\\SK1.jpg', 'images\\products\\所有商品\\SK2.jpg', 'images\\products\\所有商品\\SK3.jpg', '1', '126', '0');
INSERT INTO `goods` VALUES ('47', '斜挎包', '鞋包店', '50', '本鞋包店位于距学校附近的一个专门卖鞋和包的店铺，成都市龙泉驿十陵街4号，店铺已开了2年，信誉和质量保证，联系电话为86-033231322212，期待您的来电咨询', '包包摒弃了刻意的工整，拒绝了平庸的廓形，姿态雍容，装饰从容，一切完全浑然天成，超质感的大环五金，光亮动人，压印品牌LOGO，不仅独具一格，而且瞬间提升高贵的气质', '鞋包饰品类包', '119', '11', '2019-04-28', '特色商品', 'images\\products\\所有商品\\包1.jpg', 'images\\products\\所有商品\\包2.jpg', 'images\\products\\所有商品\\包3.jpg', '1', '126', '0');
INSERT INTO `goods` VALUES ('48', '书包', '鞋包店', '60', '本鞋包店位于距学校附近的一个专门卖鞋和包的店铺，成都市龙泉驿十陵街4号，店铺已开了2年，信誉和质量保证，联系电话为86-033231322212，期待您的来电咨询', '包包摒弃了刻意的工整，拒绝了平庸的廓形，姿态雍容，装饰从容，一切完全浑然天成，超质感的大环五金，光亮动人，压印品牌LOGO，不仅独具一格，而且瞬间提升高贵的气质', '鞋包饰品类包', '120', '30', '2019-04-28', '', 'images\\products\\所有商品\\书包2.jpg', 'images\\products\\所有商品\\书包1.jpg', 'images\\products\\所有商品\\书包3.jpg', '1', '126', '0');
INSERT INTO `goods` VALUES ('49', '拖鞋', '鞋包店', '20', '本鞋包店位于距学校附近的一个专门卖鞋和包的店铺，成都市龙泉驿十陵街4号，店铺已开了2年，信誉和质量保证，联系电话为86-033231322212，期待您的来电咨询', '此款拖鞋采用亚麻面料，质地柔软透气，干爽吸汗，且易清洗，洗后不变形；牛筋鞋底防滑耐磨。舒适，柔软采用吹气底，适合地板，纯亚麻材质，舒适简.', '鞋包饰品类鞋', '120', '30', '2019-04-28', '畅销商品', 'images\\products\\所有商品\\拖鞋.jpg', 'images\\products\\所有商品\\拖鞋.jpg', 'images\\products\\所有商品\\拖鞋.jpg', '1', '126', '0');
INSERT INTO `goods` VALUES ('50', '万斯', '鞋包店', '600', '本鞋包店位于距学校附近的一个专门卖鞋和包的店铺，成都市龙泉驿十陵街4号，店铺已开了2年，信誉和质量保证，联系电话为86-033231322212，期待您的来电咨询', '因为鞋底出色的抓板性能和耐磨效果迅速获得了冲浪运动员和滑板爱好者们的青睐。尤其是在做技巧性动作时，与滑板板面的贴合堪称完美。从此滑手们开始穿着Vans的鞋，并且Vans也成为了南加州和全世界年轻文化的象征。我们将鞋底增厚到普通鞋子的两倍，这样更加耐磨。', '鞋包饰品类鞋', '120', '20', '2019-04-28', '今日推荐', 'images\\products\\所有商品\\万斯1.jpg', 'images\\products\\所有商品\\万斯2.jpg', 'images\\products\\所有商品\\万斯3.jpg', '1', '126', '0');
INSERT INTO `goods` VALUES ('51', '衣服', '时装店', '49', '本时装店位于距学校附近的一个专门卖衣服裤子等服饰的店铺，成都市龙泉驿十陵街6号，店铺已开了2年，信誉和质量保证，联系电话为86-037563542352212，期待您的来电咨询', '鲜亮的颜色永远是漂亮 MM 的最爱,百搭款式,奏响青春节拍 袖拌细节:袖拌设计,让您引领时尚潮流 排扣细节:袖口经典排扣设', '时装类衣服', '120', '10', '2019-04-28', '畅销商品', 'images\\products\\所有商品\\衣服1.jpg', 'images\\products\\所有商品\\衣服2.jpg', 'images\\products\\所有商品\\衣服3.jpg', '1', '126', '0');
INSERT INTO `goods` VALUES ('52', '裤子', '时装店', '100', '本时装店位于距学校附近的一个专门卖衣服裤子等服饰的店铺，成都市龙泉驿十陵街6号，店铺已开了2年，信誉和质量保证，联系电话为86-037563542352212，期待您的来电咨询', '对年轻人来说，牛仔是衣橱里必不可少的装备，牛仔裤穿着随意自由，能够搭配各种款式的休闲服。质地和剪裁好的版型不但能弥补缺陷，起到修饰身体的作用，而且能提', '时装类裤子', '120', '10', '2019-04-28', '畅销商品', 'images\\products\\所有商品\\裤子1.jpg', 'images\\products\\所有商品\\裤子2.jpg', 'images\\products\\所有商品\\裤子3.jpg', '1', '126', '0');
INSERT INTO `goods` VALUES ('54', '手机', '数码店', '6000', '本数码店位于距学校附近的一个专门卖手机电脑各种配件的店铺，成都市龙泉驿十陵街7号，店铺已开了2年，信誉和质量保证，联系电话为86-032321312332，期待您的来电咨询', 'iPhone 6采用4.7英寸屏幕，分辨率为1334×750像素，内置64位构架的苹果A8处理器，性能提升非常明显；同时还搭配全新的M8协处理器，专为健康应用所设计；采用后置800万像素镜头，前置120万像素FaceTime HD 高清摄像头；并且加入Touch ID支持指纹识别，首次新增NFC功能；也是一款三网通手机，4GLTE连接速度可达150Mbps，支持多达20个LTE频段。', '数码类手机类', '120', '3', '2019-04-28', '即将售罄', 'images\\products\\所有商品\\手机1.jpg', 'images\\products\\所有商品\\手机2.jpg', 'images\\products\\所有商品\\手机3.jpg', '1', '126', '0');
INSERT INTO `goods` VALUES ('55', '数据线', '数码店', '30', '本数码店位于距学校附近的一个专门卖手机电脑各种配件的店铺，成都市龙泉驿十陵街7号，店铺已开了2年，信誉和质量保证，联系电话为86-032321312332，期待您的来电咨询', '数据线（data cable），其作用是来连接移动设备和电脑的，来达到数据传递或通信目的。通俗点说，就是连接电脑与移动设备用来传送视频、铃声、图片等文件的通路工具。现在，随着电子行业日新月异的发展，数据线已经成为了我们生活中不可或缺的部分。 依照接口类型分类COM接口和USB接口1、COM接口也叫串口，是接在台式电脑', '数码类手机类', '120', '40', '2019-04-28', '畅销商品', 'images\\products\\所有商品\\数据线1.jpg', 'images\\products\\所有商品\\数据线2.jpg', 'images\\products\\所有商品\\数据线3.jpg', '1', '126', '0');
INSERT INTO `goods` VALUES ('56', '外星人笔记本', '数码店', '7000', '本数码店位于距学校附近的一个专门卖手机电脑各种配件的店铺，成都市龙泉驿十陵街7号，店铺已开了2年，信誉和质量保证，联系电话为86-032321312332，期待您的来电咨询', '此款主机采用了戴尔小机箱设计，搭配上英特尔H87高速芯片组和i5第四代四核处理器，以及超常的6MB三级缓存，电脑运行速度非常流畅。NVIDIA GTX760Ti显卡芯片，显存2G，内存16G，这足以应付各种大型游戏了。硬盘容量1TB，符合高配电脑配置。  　　这款电脑的特点在于支持wifi无线连接，也就是你不需要杂乱的线缆，就能像笔记本一样轻松连网游戏。同时电脑自带三种模式，包括游戏模式、系统照明、快速设置。这三种模式将在游戏、画面显示和电源性能选择上提供很好的支持。', '数码类电脑类', '120', '10', '2019-04-28', '畅销商品', 'images\\products\\所有商品\\外星人笔记本1.jpg', 'images\\products\\所有商品\\外星人笔记本2.jpg', 'images\\products\\所有商品\\外星人笔记本3.jpg', '1', '126', '0');
INSERT INTO `goods` VALUES ('57', '干脆面', '美食店', '3', '本美食店位于距学校附近的一个专门卖各种吃的食品的店铺，成都市龙泉驿十陵街8号，店铺已开了20年，信誉和质量保证，联系电话为86-034234444232，期待您的来电咨询', '干脆面，一种即食型休闲食品。以前每袋干脆面里还会有一张卡片，有三国人物卡，也有水浒人物卡。因小浣熊干脆面为主要的干脆面品牌，现在干脆面也代指小浣熊。 干脆面是小时候经常吃的一种零食。打开包装，里面有一包调料包和面饼', '美食类零食', '120', '110', '2019-04-28', '畅销商品', 'images\\products\\所有商品\\干脆面1.jpg', 'images\\products\\所有商品\\干脆面2.jpg', 'images\\products\\所有商品\\干脆面3.jpg', '1', '126', '0');
INSERT INTO `goods` VALUES ('58', '鸡蛋', '美食店', '3', '本美食店位于距学校附近的一个专门卖各种吃的食品的店铺，成都市龙泉驿十陵街8号，店铺已开了20年，信誉和质量保证，联系电话为86-034234444232，期待您的来电咨询', '纯正农家土鸡蛋', '美食类肉奶蛋', '120', '150', '2019-04-28', '今日推荐', 'images\\products\\所有商品\\鸡蛋1.jpg', 'images\\products\\所有商品\\鸡蛋2.jpg', 'images\\products\\所有商品\\鸡蛋3.jpg', '1', '126', '0');
INSERT INTO `goods` VALUES ('59', '牛肉', '美食店', '30', '本美食店位于距学校附近的一个专门卖各种吃的食品的店铺，成都市龙泉驿十陵街8号，店铺已开了20年，信誉和质量保证，联系电话为86-034234444232，期待您的来电咨询', '牛的肉', '美食类零食', '120', '50', '2019-04-28', '最受好评', 'images\\products\\所有商品\\牛肉1.jpg', 'images\\products\\所有商品\\牛肉2.jpg', 'images\\products\\所有商品\\牛肉3.jpg', '1', '126', '0');
INSERT INTO `goods` VALUES ('60', '牛奶', '美食店', '5', '本美食店位于距学校附近的一个专门卖各种吃的食品的店铺，成都市龙泉驿十陵街8号，店铺已开了20年，信誉和质量保证，联系电话为86-034234444232，期待您的来电咨询', '牛的奶', '美食类肉奶蛋', '119', '71', '2019-04-28', '特色商品', 'images\\products\\所有商品\\牛奶1.jpg', 'images\\products\\所有商品\\牛奶2.jpg', 'images\\products\\所有商品\\牛奶3.jpg', '1', '126', '0');
INSERT INTO `goods` VALUES ('61', '苹果', '美食店', '8', '本美食店位于距学校附近的一个专门卖各种吃的食品的店铺，成都市龙泉驿十陵街8号，店铺已开了20年，信誉和质量保证，联系电话为86-034234444232，期待您的来电咨询', '性凉，味甘。每100克苹果含糖13克、钙11毫克、铁0.3毫克，还含有胡萝卜素、维生素、有机酸、芳香醇、果胶等。苹果营养丰富，味道香甜，一向是老少皆宜，倍受青睐', '美食类水果', '120', '80', '2019-04-28', '今日推荐', 'images\\products\\所有商品\\苹果1.jpg', 'images\\products\\所有商品\\苹果2.jpg', 'images\\products\\所有商品\\苹果3.jpg', '1', '126', '0');
INSERT INTO `goods` VALUES ('62', '香蕉', '美食店', '7', '本美食店位于距学校附近的一个专门卖各种吃的食品的店铺，成都市龙泉驿十陵街8号，店铺已开了20年，信誉和质量保证，联系电话为86-034234444232，期待您的来电咨询', '1. 优质香蕉果皮呈鲜黄或青黄色，梳柄完整，无缺只和脱落现象，一般每千克在25个以下；单只香蕉体弯曲，果实丰满、肥壮、色泽新鲜、光亮、果面光滑，无病斑、无虫疤、无霉菌、无创伤，果实易剥离，果肉稍硬；2. 香蕉在冰箱中存放容易变黑，应该把香蕉放进塑料袋里，再放一个苹果，然后尽量排出袋子里的空气，扎紧袋口，再放在家里不靠近暖气的地方，这样香蕉至少可以保存一个星期左右；3. 香蕉容易因碰撞挤压受冻而发黑，在室温下很容易滋生细菌，最好丢弃', '美食类水果', '120', '80', '2019-04-28', '特色商品', 'images\\products\\所有商品\\香蕉1.jpg', 'images\\products\\所有商品\\香蕉2.jpg', 'images\\products\\所有商品\\香蕉3.jpg', '1', '126', '0');
INSERT INTO `goods` VALUES ('63', '衣架', '生活用品店', '10', '本店位于距学校附近的一个专门卖各种生活用品的店铺，味美价廉，成都市龙泉驿十陵街9号，店铺已开了2年，信誉和质量保证，联系电话为86-034223232344232，期待您的来电咨询', '晾衣服的衣架子', '生活用品类日常用品', '120', '70', '2019-04-28', '特色商品', 'images\\products\\所有商品\\衣架1.jpg', 'images\\products\\所有商品\\衣架2.jpg', 'images\\products\\所有商品\\衣架3.jpg', '1', '126', '0');
INSERT INTO `goods` VALUES ('64', '电竞椅', '生活用品店', '199', '本店位于距学校附近的一个专门卖各种生活用品的店铺，味美价廉，成都市龙泉驿十陵街9号，店铺已开了2年，信誉和质量保证，联系电话为86-034223232344232，期待您的来电咨询', '电竞椅其实是电子竞技座椅，被简称为电竞椅。从这个名称上，我们就能大致了解电竞椅的作用。电竞椅是专门为玩游戏的人准备的，电子竞技就是电子游戏比赛达到“竞技”层面的活动，电子竞技运动就是通过电子设备作为运动器械进行的、人与人之间的智力对抗运动，通过运动，就可以锻炼以及提高参与者的思维能力、反应能力、协调', '生活用品类椅柜', '120', '7', '2019-04-28', '特色商品', 'images\\products\\所有商品\\电竞椅1.jpg', 'images\\products\\所有商品\\电竞椅2.jpg', 'images\\products\\所有商品\\电竞椅3.jpg', '1', '126', '0');
INSERT INTO `goods` VALUES ('65', '被子', '生活用品店', '200', '本店位于距学校附近的一个专门卖各种生活用品的店铺，味美价廉，成都市龙泉驿十陵街9号，店铺已开了2年，信誉和质量保证，联系电话为86-034223232344232，期待您的来电咨询', '羽绒被：羽绒被的填充物就是羽绒，羽绒具有具有轻．柔．软的特点，被子蓬松有弹性，羽绒被子是最轻的被子，盖在身上舒适，而且羽绒还有具有保暖、吸湿、透汗的功能，所以环境潮湿或者爱出汗的人适合盖羽绒被。', '生活用品类被子', '120', '30', '2019-04-28', '即将售罄', 'images\\products\\所有商品\\被子1.jpg', 'images\\products\\所有商品\\被子2.jpg', 'images\\products\\所有商品\\被子3.jpg', '1', '126', '0');
INSERT INTO `goods` VALUES ('66', '杯具', '生活用品店', '20', '本店位于距学校附近的一个专门卖各种生活用品的店铺，味美价廉，成都市龙泉驿十陵街9号，店铺已开了2年，信誉和质量保证，联系电话为86-034223232344232，期待您的来电咨询', '杯具，原指盛水的器具，后因与“悲剧”一词谐音，成为网络流行语，词性多变：可作形容词，名词等等。不少年轻人在网络上甚至生活中都常常用“杯具”来代替', '生活用品类杯具', '120', '30', '2019-04-28', '特色商品', 'images\\products\\所有商品\\杯具1.jpg', 'images\\products\\所有商品\\杯具2.jpg', 'images\\products\\所有商品\\杯具3.jpg', '1', '126', '0');
INSERT INTO `goods` VALUES ('67', '内裤', '时装店', '10', '本时装店位于距学校附近的一个专门卖衣服裤子等服饰的店铺，成都市龙泉驿十陵街6号，店铺已开了2年，信誉和质量保证，联系电话为86-037563542352212，期待您的来电咨询', '防爆内裤由丝绸制成，2010年圣诞节在阿富汗的英国部队最实惠的礼物大概就是防爆内裤了。这款内裤能很好地保护士兵的下体安全，对于保护身处战争的士兵具有重要.', '时装类内裤', '120', '50', '2019-04-28', null, 'images\\products\\所有商品\\内1.jpg', 'images\\products\\所有商品\\内2 .jpg', 'images\\products\\所有商品\\内3.jpg', '1', '126', '0');

-- ----------------------------
-- Table structure for `ordergoods`
-- ----------------------------
DROP TABLE IF EXISTS `ordergoods`;
CREATE TABLE `ordergoods` (
  `serial` int(11) NOT NULL AUTO_INCREMENT COMMENT '主键、序号',
  `id` int(11) NOT NULL COMMENT '用户id',
  `ordernumber` char(64) NOT NULL COMMENT '订单编号、字符串（id+日期）',
  `cartserial` int(11) NOT NULL COMMENT '购物车序列号',
  `receiver` char(50) NOT NULL,
  `rphone` char(11) NOT NULL,
  `address` char(50) NOT NULL,
  `time` timestamp NOT NULL DEFAULT CURRENT_TIMESTAMP ON UPDATE CURRENT_TIMESTAMP,
  PRIMARY KEY (`serial`),
  KEY `ordergoods_ibfk_1` (`cartserial`),
  CONSTRAINT `ordergoods_ibfk_1` FOREIGN KEY (`cartserial`) REFERENCES `shoppingcart` (`cartserial`) ON DELETE NO ACTION ON UPDATE NO ACTION
) ENGINE=InnoDB AUTO_INCREMENT=53 DEFAULT CHARSET=utf8;

-- ----------------------------
-- Records of ordergoods
-- ----------------------------
INSERT INTO `ordergoods` VALUES ('15', '123', '1232018-06-12 23:11:20', '35', '1', '1234567890', 'ss', '2019-04-16 16:53:32');
INSERT INTO `ordergoods` VALUES ('16', '123', '1232018-06-12 23:11:20', '36', '1', '1234567890', 'ss', '2019-04-16 16:53:39');
INSERT INTO `ordergoods` VALUES ('19', '123', '1232018-06-13 09:59:13', '39', '洋洋', '1234567890', '长沙', '2019-04-16 16:53:40');
INSERT INTO `ordergoods` VALUES ('20', '123', '1232018-06-13 10:10:53', '42', '洋洋', '1234567890', '长沙', '2019-04-16 16:53:41');
INSERT INTO `ordergoods` VALUES ('21', '123', '1232018-06-13 10:16:02', '43', '洋洋', '1234567890', '长沙', '2019-04-16 16:53:41');
INSERT INTO `ordergoods` VALUES ('22', '123', '1232018-06-13 11:14:58', '53', '洋洋', '1234567890', 'ss', '2019-04-16 16:53:42');
INSERT INTO `ordergoods` VALUES ('23', '123', '1232018-06-13 11:19:37', '54', '洋洋', '1234567890', '长沙', '2019-04-16 16:53:43');
INSERT INTO `ordergoods` VALUES ('24', '123', '1232018-06-13 11:20:49', '55', '洋洋', '1234567890', '长沙', '2019-04-16 16:53:45');
INSERT INTO `ordergoods` VALUES ('25', '123', '1232018-06-18 10:59:20', '56', '1', '1234567890', 'ss', '2019-04-16 16:53:46');
INSERT INTO `ordergoods` VALUES ('26', '123', '1232018-06-18 10:59:20', '57', '1', '1234567890', 'ss', '2019-04-16 16:53:54');
INSERT INTO `ordergoods` VALUES ('27', '123', '1232018-06-18 10:59:50', '58', '1', '1234567890', 'ss', '2019-04-16 16:53:55');
INSERT INTO `ordergoods` VALUES ('28', '123', '1232018-06-19 08:08:15', '45', '邓贻波', '1234567890', 'ss', '2019-04-29 15:30:16');
INSERT INTO `ordergoods` VALUES ('29', '128', '1282018-04-16 12:07:11', '59', '朱能', '15108310343', '111', '2019-04-16 16:54:03');
INSERT INTO `ordergoods` VALUES ('30', '128', '1282018-04-16 12:08:33', '60', '233', '2323', '1232', '2019-04-16 16:54:04');
INSERT INTO `ordergoods` VALUES ('31', '128', '1282019-04-16 12:08:33', '61', '233', '2323', '1232', '2019-04-16 16:54:30');
INSERT INTO `ordergoods` VALUES ('32', '128', '1282019-04-16 12:09:11', '62', 'zz', '1232', '12323', '2019-04-16 16:54:25');
INSERT INTO `ordergoods` VALUES ('33', '128', '1282019-04-16 12:09:11', '63', 'zz', '1232', '12323', '2019-04-16 16:54:20');
INSERT INTO `ordergoods` VALUES ('34', '128', '1282019-04-16 12:19:42', '64', 'zz', '2323', '12323', '2019-04-16 16:54:17');
INSERT INTO `ordergoods` VALUES ('35', '127', '1272019-04-24 14:58:03', '81', '朱能', '15108310343', 'd\'d\'d\'d\'d', '2019-04-24 14:58:03');
INSERT INTO `ordergoods` VALUES ('36', '127', '1272019-04-24 14:58:03', '82', '朱能', '15108310343', 'd\'d\'d\'d\'d', '2019-04-24 14:58:04');
INSERT INTO `ordergoods` VALUES ('37', '127', '1272019-04-24 15:01:43', '83', '自助', '12212', '得得得', '2019-04-24 15:01:43');
INSERT INTO `ordergoods` VALUES ('38', '127', '1272019-04-24 15:01:43', '85', '自助', '12212', '得得得', '2019-04-24 15:01:43');
INSERT INTO `ordergoods` VALUES ('39', '124', '1242019-04-24 19:51:37', '39', 'zz', '', '', '2019-04-24 19:51:37');
INSERT INTO `ordergoods` VALUES ('40', '124', '1242019-04-24 19:51:37', '40', 'zz', '', '', '2019-04-24 19:51:37');
INSERT INTO `ordergoods` VALUES ('41', '124', '1242019-04-24 19:52:17', '41', 'zz', '', '', '2019-04-24 19:52:17');
INSERT INTO `ordergoods` VALUES ('42', '124', '1242019-04-24 19:52:37', '90', 'zz', '', '', '2019-04-24 19:52:37');
INSERT INTO `ordergoods` VALUES ('43', '124', '1242019-04-24 19:52:37', '91', 'zz', '', '', '2019-04-24 19:52:37');
INSERT INTO `ordergoods` VALUES ('44', '124', '1242019-04-24 19:53:55', '92', 'zz', '', '', '2019-04-24 19:53:55');
INSERT INTO `ordergoods` VALUES ('45', '124', '1242019-04-24 19:53:55', '93', 'zz', '', '', '2019-04-24 19:53:55');
INSERT INTO `ordergoods` VALUES ('46', '124', '1242019-04-24 19:59:48', '94', 'zz', '', '', '2019-04-24 19:59:48');
INSERT INTO `ordergoods` VALUES ('47', '124', '1242019-04-24 20:00:12', '95', 'zzzz', '', '', '2019-04-24 20:00:12');
INSERT INTO `ordergoods` VALUES ('48', '124', '1242019-04-24 20:00:12', '96', 'zzzz', '', '', '2019-04-24 20:00:12');
INSERT INTO `ordergoods` VALUES ('49', '124', '1242019-04-24 20:00:18', '97', 'zzzz', '', '', '2019-04-24 20:00:18');
INSERT INTO `ordergoods` VALUES ('50', '124', '1242019-04-24 20:00:18', '98', 'zzzz', '', '', '2019-04-24 20:00:18');
INSERT INTO `ordergoods` VALUES ('51', '127', '1272019-05-11 08:39:27', '89', 'zz', '15108310343', '成都', '2019-05-11 08:39:27');
INSERT INTO `ordergoods` VALUES ('52', '127', '1272019-05-11 08:39:27', '103', 'zz', '15108310343', '成都', '2019-05-11 08:39:29');

-- ----------------------------
-- Table structure for `review`
-- ----------------------------
DROP TABLE IF EXISTS `review`;
CREATE TABLE `review` (
  `no` int(11) NOT NULL AUTO_INCREMENT,
  `username` char(50) DEFAULT NULL,
  `goodsname` char(32) DEFAULT NULL,
  `review` char(250) DEFAULT NULL,
  `rstore` int(11) DEFAULT NULL,
  `rquality` int(11) DEFAULT NULL,
  `logistics` int(11) DEFAULT NULL,
  `time` timestamp NOT NULL DEFAULT CURRENT_TIMESTAMP ON UPDATE CURRENT_TIMESTAMP,
  PRIMARY KEY (`no`)
) ENGINE=InnoDB AUTO_INCREMENT=19 DEFAULT CHARSET=utf8;

-- ----------------------------
-- Records of review
-- ----------------------------
INSERT INTO `review` VALUES ('1', '洋洋', '《白夜行》', 'good', '5', '5', '5', '2018-06-12 21:29:06');
INSERT INTO `review` VALUES ('2', '辣条', '《白夜行》', 'perfect', '5', '5', '5', '2018-06-12 21:29:06');
INSERT INTO `review` VALUES ('11', 'yy', '《一个人的朝圣》', 'mylove', '5', '5', '5', '2018-06-12 22:22:13');
INSERT INTO `review` VALUES ('14', 'admin', '《一个人的朝圣》', '好看', '5', '4', '5', '2018-06-13 10:52:23');
INSERT INTO `review` VALUES ('15', 'admin', '《百年孤独》', '优秀', '5', '4', '4', '2018-06-13 10:52:48');
INSERT INTO `review` VALUES ('16', 'zzz', '《红拂夜奔》', '大飒飒', '5', '5', '5', '2019-04-18 18:56:13');
INSERT INTO `review` VALUES ('17', '啊飒', '《红拂夜奔》', '试试', '5', '5', '5', '2019-04-18 21:02:34');
INSERT INTO `review` VALUES ('18', 'zzz', '测试', 'zzz', '5', '5', '5', '2019-04-29 15:24:07');

-- ----------------------------
-- Table structure for `row`
-- ----------------------------
DROP TABLE IF EXISTS `row`;
CREATE TABLE `row` (
  `id` int(11) NOT NULL,
  `rowname` varchar(32) NOT NULL,
  PRIMARY KEY (`id`)
) ENGINE=InnoDB DEFAULT CHARSET=utf8;

-- ----------------------------
-- Records of row
-- ----------------------------
INSERT INTO `row` VALUES ('1', '管理员');
INSERT INTO `row` VALUES ('2', '买家');
INSERT INTO `row` VALUES ('3', '卖家');

-- ----------------------------
-- Table structure for `shoppingcart`
-- ----------------------------
DROP TABLE IF EXISTS `shoppingcart`;
CREATE TABLE `shoppingcart` (
  `cartserial` int(11) NOT NULL AUTO_INCREMENT,
  `id` int(11) NOT NULL COMMENT '用户id',
  `number` int(11) NOT NULL COMMENT '书本序列号',
  `goodsname` char(32) NOT NULL COMMENT '书本名字',
  `price` float NOT NULL COMMENT '书本价钱',
  `img1` varchar(128) NOT NULL,
  `count` int(11) NOT NULL COMMENT '书本数量',
  `totalprice` float NOT NULL COMMENT '总价',
  `delsoft` int(2) NOT NULL DEFAULT '1' COMMENT '软删除',
  `keyword` char(64) DEFAULT NULL COMMENT '订单编号关键词',
  PRIMARY KEY (`cartserial`),
  KEY `goodsnumber` (`number`),
  KEY `userid` (`id`),
  CONSTRAINT `goodsnumber` FOREIGN KEY (`number`) REFERENCES `goods` (`number`),
  CONSTRAINT `userid` FOREIGN KEY (`id`) REFERENCES `user` (`id`)
) ENGINE=InnoDB AUTO_INCREMENT=105 DEFAULT CHARSET=utf8;

-- ----------------------------
-- Records of shoppingcart
-- ----------------------------
INSERT INTO `shoppingcart` VALUES ('34', '123', '5', '《白夜行》', '25', 'images\\products\\所有商品\\白夜行.jpg', '2', '50', '1', null);
INSERT INTO `shoppingcart` VALUES ('35', '123', '3', '《我怀疑人们在密谋让我幸福》', '29', 'images\\products\\所有商品\\我怀疑人们在密谋让我幸福.jpg', '1', '29', '1', null);
INSERT INTO `shoppingcart` VALUES ('36', '123', '21', '《巴黎圣母院》', '30', 'images\\products\\所有商品\\巴黎圣母院.jpg', '1', '30', '1', null);
INSERT INTO `shoppingcart` VALUES ('37', '123', '21', '《巴黎圣母院》', '30', 'images\\products\\所有商品\\巴黎圣母院.jpg', '1', '30', '1', null);
INSERT INTO `shoppingcart` VALUES ('39', '124', '3', '《我怀疑人们在密谋让我幸福》', '29', 'images\\products\\所有商品\\我怀疑人们在密谋让我幸福.jpg', '1', '29', '0', null);
INSERT INTO `shoppingcart` VALUES ('40', '124', '2', '《岛上书店》', '25', 'images\\products\\所有商品\\岛上书店.jpg', '1', '25', '0', null);
INSERT INTO `shoppingcart` VALUES ('41', '124', '2', '《岛上书店》', '25', 'images\\products\\所有商品\\岛上书店.jpg', '1', '25', '0', null);
INSERT INTO `shoppingcart` VALUES ('42', '123', '2', '《岛上书店》', '25', 'images\\products\\所有商品\\岛上书店.jpg', '3', '75', '1', null);
INSERT INTO `shoppingcart` VALUES ('43', '123', '1', '《百年孤独》', '35', 'images\\products\\所有商品\\百年孤独.jpg', '1', '35', '1', null);
INSERT INTO `shoppingcart` VALUES ('44', '123', '2', '《岛上书店》', '25', 'images\\products\\所有商品\\岛上书店.jpg', '1', '25', '1', null);
INSERT INTO `shoppingcart` VALUES ('45', '123', '5', '《白夜行》', '25', 'images\\products\\所有商品\\白夜行.jpg', '25', '625', '1', null);
INSERT INTO `shoppingcart` VALUES ('48', '123', '5', '《白夜行》', '25', 'images\\products\\所有商品\\白夜行.jpg', '1', '25', '1', null);
INSERT INTO `shoppingcart` VALUES ('49', '123', '4', '《追风筝的人》', '25', 'images\\products\\所有商品\\追风筝的人.jpg', '1', '25', '1', null);
INSERT INTO `shoppingcart` VALUES ('50', '123', '2', '《岛上书店》', '25', 'images\\products\\所有商品\\岛上书店.jpg', '1', '25', '1', null);
INSERT INTO `shoppingcart` VALUES ('51', '123', '2', '《岛上书店》', '25', 'images\\products\\所有商品\\岛上书店.jpg', '1', '25', '1', null);
INSERT INTO `shoppingcart` VALUES ('52', '123', '2', '《岛上书店》', '25', 'images\\products\\所有商品\\岛上书店.jpg', '1', '25', '1', null);
INSERT INTO `shoppingcart` VALUES ('53', '123', '3', '《我怀疑人们在密谋让我幸福》', '29', 'images\\products\\所有商品\\我怀疑人们在密谋让我幸福.jpg', '1', '29', '1', null);
INSERT INTO `shoppingcart` VALUES ('54', '123', '5', '《白夜行》', '25', 'images\\products\\所有商品\\白夜行.jpg', '1', '25', '1', null);
INSERT INTO `shoppingcart` VALUES ('55', '123', '21', '《巴黎圣母院》', '30', 'images\\products\\所有商品\\巴黎圣母院.jpg', '1', '30', '1', null);
INSERT INTO `shoppingcart` VALUES ('56', '123', '3', '《我怀疑人们在密谋让我幸福》', '29', 'images\\products\\所有商品\\我怀疑人们在密谋让我幸福.jpg', '1', '29', '1', null);
INSERT INTO `shoppingcart` VALUES ('57', '123', '21', '《巴黎圣母院》', '30', 'images\\products\\所有商品\\巴黎圣母院.jpg', '1', '30', '1', null);
INSERT INTO `shoppingcart` VALUES ('58', '123', '6', '《红拂夜奔》', '26', 'images\\products\\所有商品\\红拂夜奔.jpg', '2', '52', '1', null);
INSERT INTO `shoppingcart` VALUES ('59', '128', '15', '《The Little Prince》', '20', 'images\\products\\所有商品\\The Little Prince.jpg', '1', '20', '0', null);
INSERT INTO `shoppingcart` VALUES ('60', '128', '12', '《岛上书店》', '25', 'images\\products\\所有商品\\岛上书店.jpg', '1', '25', '0', null);
INSERT INTO `shoppingcart` VALUES ('61', '128', '23', '《我怀疑人们在密谋让我幸福》', '29', 'images\\products\\所有商品\\我怀疑人们在密谋让我幸福.jpg', '1', '29', '0', null);
INSERT INTO `shoppingcart` VALUES ('62', '128', '1', '《百年孤独》', '35', 'images\\products\\所有商品\\百年孤独.jpg', '1', '35', '0', null);
INSERT INTO `shoppingcart` VALUES ('63', '128', '15', '《The Little Prince》', '20', 'images\\products\\所有商品\\The Little Prince.jpg', '1', '20', '0', null);
INSERT INTO `shoppingcart` VALUES ('64', '128', '14', '《巴黎圣母院》', '30', 'images\\products\\所有商品\\巴黎圣母院.jpg', '1', '30', '0', null);
INSERT INTO `shoppingcart` VALUES ('72', '127', '32', '《白夜行》', '25', 'images\\products\\所有商品\\白夜行.jpg', '2', '50', '0', null);
INSERT INTO `shoppingcart` VALUES ('80', '127', '33', '《红拂夜奔》', '26', 'images\\products\\所有商品\\红拂夜奔.jpg', '1', '26', '0', null);
INSERT INTO `shoppingcart` VALUES ('81', '127', '33', '《红拂夜奔》', '26', 'images\\products\\所有商品\\红拂夜奔.jpg', '1', '26', '0', null);
INSERT INTO `shoppingcart` VALUES ('82', '127', '12', '《岛上书店》', '25', 'images\\products\\所有商品\\岛上书店.jpg', '1', '25', '0', null);
INSERT INTO `shoppingcart` VALUES ('83', '127', '32', '《白夜行》', '25', 'images\\products\\所有商品\\白夜行.jpg', '1', '25', '0', null);
INSERT INTO `shoppingcart` VALUES ('84', '127', '13', '《元明清诗歌鉴赏辞典》', '59', 'images\\products\\所有商品\\元明清诗歌鉴赏辞典.jpg', '1', '59', '0', null);
INSERT INTO `shoppingcart` VALUES ('85', '127', '15', '《The Little Prince》', '20', 'images\\products\\所有商品\\The Little Prince.jpg', '1', '20', '0', null);
INSERT INTO `shoppingcart` VALUES ('89', '127', '60', '牛奶', '50', 'images\\products\\所有商品\\牛奶1.jpg', '1', '50', '0', null);
INSERT INTO `shoppingcart` VALUES ('90', '124', '15', '《The Little Prince》', '20', 'images\\products\\所有商品\\The Little Prince.jpg', '1', '20', '0', null);
INSERT INTO `shoppingcart` VALUES ('91', '124', '60', '牛奶', '50', 'images\\products\\所有商品\\牛奶1.jpg', '1', '50', '0', null);
INSERT INTO `shoppingcart` VALUES ('92', '124', '60', '牛奶', '50', 'images\\products\\所有商品\\牛奶1.jpg', '1', '50', '0', null);
INSERT INTO `shoppingcart` VALUES ('93', '124', '33', '《红拂夜奔》', '26', 'images\\products\\所有商品\\红拂夜奔.jpg', '1', '26', '0', null);
INSERT INTO `shoppingcart` VALUES ('94', '124', '50', '万斯', '500', 'images\\products\\所有商品\\万斯1.jpg', '2', '1000', '0', null);
INSERT INTO `shoppingcart` VALUES ('95', '124', '15', '《The Little Prince》', '20', 'images\\products\\所有商品\\The Little Prince.jpg', '1', '20', '0', null);
INSERT INTO `shoppingcart` VALUES ('96', '124', '60', '牛奶', '50', 'images\\products\\所有商品\\牛奶1.jpg', '1', '50', '0', null);
INSERT INTO `shoppingcart` VALUES ('97', '124', '62', '香蕉', '3', 'images\\products\\所有商品\\香蕉1.jpg', '1', '3', '0', null);
INSERT INTO `shoppingcart` VALUES ('98', '124', '48', '书包', '60', 'images\\products\\所有商品\\书包1.jpg', '1', '60', '0', null);
INSERT INTO `shoppingcart` VALUES ('99', '124', '9', '《远行》', '49', 'images\\products\\所有商品\\远行：生命不可思议的旅程.jpg', '1', '49', '0', null);
INSERT INTO `shoppingcart` VALUES ('100', '124', '46', 'SK神仙水', '300', 'images\\products\\所有商品\\SK1.jpg', '1', '300', '0', null);
INSERT INTO `shoppingcart` VALUES ('101', '124', '65', '被子', '100', 'images\\products\\所有商品\\被子1.jpg', '1', '100', '0', null);
INSERT INTO `shoppingcart` VALUES ('102', '124', '23', '《我怀疑人们在密谋让我幸福》', '29', 'images\\products\\所有商品\\我怀疑人们在密谋让我幸福.jpg', '5', '145', '0', null);
INSERT INTO `shoppingcart` VALUES ('103', '127', '47', '斜挎包', '50', 'images\\products\\所有商品\\包1.jpg', '1', '50', '0', null);
INSERT INTO `shoppingcart` VALUES ('104', '127', '32', '《白夜行》', '25', 'images\\products\\所有商品\\白夜行.jpg', '1', '25', '1', null);

-- ----------------------------
-- Table structure for `user`
-- ----------------------------
DROP TABLE IF EXISTS `user`;
CREATE TABLE `user` (
  `id` int(11) NOT NULL AUTO_INCREMENT,
  `username` char(50) DEFAULT NULL,
  `password` char(50) DEFAULT NULL,
  `email` char(32) DEFAULT NULL,
  `rowid` int(11) DEFAULT NULL,
  `status` int(11) DEFAULT '0',
  PRIMARY KEY (`id`)
) ENGINE=InnoDB AUTO_INCREMENT=206 DEFAULT CHARSET=utf8;

-- ----------------------------
-- Records of user
-- ----------------------------
INSERT INTO `user` VALUES ('123', 'admin', '123', 'admin@qq.com', '1', '0');
INSERT INTO `user` VALUES ('124', 'root', '123', 'root@qq.com', '1', '0');
INSERT INTO `user` VALUES ('125', 'seller', '123', 'seller33333@qq.com', '3', '0');
INSERT INTO `user` VALUES ('126', '666', '123', '666@qq.com', '3', '0');
INSERT INTO `user` VALUES ('127', '333', '123', '333@qq.com', '2', '1');
INSERT INTO `user` VALUES ('128', 'buyer', '123', 'buyer@qq.com', '2', '0');
INSERT INTO `user` VALUES ('200', '11', '123', '111@qq.com', '2', '0');
INSERT INTO `user` VALUES ('201', '111', '123', '111@qq.com', '2', '0');
INSERT INTO `user` VALUES ('202', '222', '123', '222@qq.com', '2', '0');
INSERT INTO `user` VALUES ('203', '555', '123', '555@qq.com', '2', '0');
INSERT INTO `user` VALUES ('204', '777', '123', '777@qq.com', '3', '0');
INSERT INTO `user` VALUES ('205', '123132', '123', '111@qq.com', '2', '0');

-- ----------------------------
-- View structure for `view_shoppingcart`
-- ----------------------------
DROP VIEW IF EXISTS `view_shoppingcart`;
CREATE ALGORITHM=UNDEFINED DEFINER=`root`@`localhost` SQL SECURITY DEFINER VIEW `view_shoppingcart` AS select `goods`.`number` AS `goodsnumber`,`goods`.`goodsname` AS `goodsname`,`goods`.`price` AS `price`,`goods`.`img1` AS `img1`,`shoppingcart`.`cartserial` AS `cartserial`,`shoppingcart`.`id` AS `id`,`shoppingcart`.`number` AS `number`,`shoppingcart`.`count` AS `count`,`shoppingcart`.`totalprice` AS `totalprice` from (`goods` join `shoppingcart`) where (`shoppingcart`.`number` = `goods`.`number`) ;
